{
  "RouteCalloutArrowDeselected": {
    "x": 566,
    "y": 396,
    "width": 11,
    "height": 21,
    "pixelRatio": 1,
    "sdf": false
  },
  "RouteCalloutArrowSelected": {
    "x": 562,
    "y": 371,
    "width": 12,
    "height": 23,
    "pixelRatio": 1,
    "sdf": false
  },
  "RouteCalloutBackgroundDeselected": {
    "x": 320,
    "y": 393,
    "width": 51,
    "height": 30,
    "pixelRatio": 1,
    "sdf": false
  },
  "SelectedRouteCalloutBackground": {
    "x": 111,
    "y": 196,
    "width": 59,
    "height": 38,
    "pixelRatio": 1,
    "sdf": false
  },
  "achare": {
    "x": 454,
    "y": 360,
    "width": 28,
    "height": 52,
    "pixelRatio": 1,
    "sdf": false
  },
  "achare_night": {
    "x": 422,
    "y": 270,
    "width": 28,
    "height": 52,
    "pixelRatio": 1,
    "sdf": false
  },
  "bcnisd": {
    "x": 538,
    "y": 242,
    "width": 18,
    "height": 82,
    "pixelRatio": 1,
    "sdf": false
  },
  "bcnlat_catlamA1": {
    "x": 580,
    "y": 74,
    "width": 18,
    "height": 78,
    "pixelRatio": 1,
    "sdf": false
  },
  "bcnlat_catlamA2": {
    "x": 510,
    "y": 232,
    "width": 18,
    "height": 80,
    "pixelRatio": 1,
    "sdf": false
  },
  "bcnlat_catlamA3": {
    "x": 580,
    "y": 154,
    "width": 18,
    "height": 78,
    "pixelRatio": 1,
    "sdf": false
  },
  "bcnlat_catlamA4": {
    "x": 510,
    "y": 314,
    "width": 18,
    "height": 80,
    "pixelRatio": 1,
    "sdf": false
  },
  "bcnlat_catlamB1": {
    "x": 580,
    "y": 234,
    "width": 18,
    "height": 78,
    "pixelRatio": 1,
    "sdf": false
  },
  "bcnlat_catlamB2": {
    "x": 510,
    "y": 396,
    "width": 18,
    "height": 80,
    "pixelRatio": 1,
    "sdf": false
  },
  "bcnlat_catlamB3": {
    "x": 580,
    "y": 314,
    "width": 18,
    "height": 78,
    "pixelRatio": 1,
    "sdf": false
  },
  "bcnlat_catlamB4": {
    "x": 484,
    "y": 202,
    "width": 18,
    "height": 80,
    "pixelRatio": 1,
    "sdf": false
  },
  "bcnsaw": {
    "x": 484,
    "y": 284,
    "width": 18,
    "height": 80,
    "pixelRatio": 1,
    "sdf": false
  },
  "bcnspp_3&4_amber": {
    "x": 510,
    "y": 0,
    "width": 26,
    "height": 78,
    "pixelRatio": 1,
    "sdf": false
  },
  "bcnspp_5&7_amber": {
    "x": 580,
    "y": 394,
    "width": 18,
    "height": 78,
    "pixelRatio": 1,
    "sdf": false
  },
  "boat_radar_moving": {
    "x": 237,
    "y": 431,
    "width": 24,
    "height": 31,
    "pixelRatio": 1,
    "sdf": false
  },
  "boat_radar_still": {
    "x": 347,
    "y": 431,
    "width": 25,
    "height": 25,
    "pixelRatio": 1,
    "sdf": false
  },
  "bollard": {
    "x": 566,
    "y": 419,
    "width": 10,
    "height": 10,
    "pixelRatio": 1,
    "sdf": false
  },
  "boycar_catcam1": {
    "x": 356,
    "y": 0,
    "width": 32,
    "height": 100,
    "pixelRatio": 1,
    "sdf": false
  },
  "boycar_catcam1_boyshp4": {
    "x": 356,
    "y": 102,
    "width": 32,
    "height": 100,
    "pixelRatio": 1,
    "sdf": false
  },
  "boycar_catcam2": {
    "x": 0,
    "y": 241,
    "width": 34,
    "height": 100,
    "pixelRatio": 1,
    "sdf": false
  },
  "boycar_catcam2_boyshp4": {
    "x": 36,
    "y": 241,
    "width": 34,
    "height": 100,
    "pixelRatio": 1,
    "sdf": false
  },
  "boycar_catcam3": {
    "x": 180,
    "y": 241,
    "width": 34,
    "height": 96,
    "pixelRatio": 1,
    "sdf": false
  },
  "boycar_catcam3_boyshp4": {
    "x": 216,
    "y": 241,
    "width": 34,
    "height": 96,
    "pixelRatio": 1,
    "sdf": false
  },
  "boycar_catcam4": {
    "x": 108,
    "y": 241,
    "width": 34,
    "height": 98,
    "pixelRatio": 1,
    "sdf": false
  },
  "boycar_catcam4_boyshp4": {
    "x": 144,
    "y": 241,
    "width": 34,
    "height": 98,
    "pixelRatio": 1,
    "sdf": false
  },
  "boyisd": {
    "x": 252,
    "y": 241,
    "width": 32,
    "height": 96,
    "pixelRatio": 1,
    "sdf": false
  },
  "boyisd_boyshp4": {
    "x": 286,
    "y": 241,
    "width": 32,
    "height": 96,
    "pixelRatio": 1,
    "sdf": false
  },
  "boylat_catlamA1": {
    "x": 0,
    "y": 343,
    "width": 30,
    "height": 86,
    "pixelRatio": 1,
    "sdf": false
  },
  "boylat_catlamA1_boyshp4": {
    "x": 32,
    "y": 343,
    "width": 30,
    "height": 86,
    "pixelRatio": 1,
    "sdf": false
  },
  "boylat_catlamA2": {
    "x": 454,
    "y": 0,
    "width": 28,
    "height": 88,
    "pixelRatio": 1,
    "sdf": false
  },
  "boylat_catlamA2_boyshp4": {
    "x": 390,
    "y": 102,
    "width": 30,
    "height": 88,
    "pixelRatio": 1,
    "sdf": false
  },
  "boylat_catlamA3": {
    "x": 64,
    "y": 343,
    "width": 30,
    "height": 86,
    "pixelRatio": 1,
    "sdf": false
  },
  "boylat_catlamA3_boyshp4": {
    "x": 96,
    "y": 343,
    "width": 30,
    "height": 86,
    "pixelRatio": 1,
    "sdf": false
  },
  "boylat_catlamA4": {
    "x": 454,
    "y": 90,
    "width": 28,
    "height": 88,
    "pixelRatio": 1,
    "sdf": false
  },
  "boylat_catlamA4_boyshp4": {
    "x": 390,
    "y": 192,
    "width": 30,
    "height": 88,
    "pixelRatio": 1,
    "sdf": false
  },
  "boylat_catlamB1": {
    "x": 128,
    "y": 343,
    "width": 30,
    "height": 86,
    "pixelRatio": 1,
    "sdf": false
  },
  "boylat_catlamB1_boyshp4": {
    "x": 160,
    "y": 343,
    "width": 30,
    "height": 86,
    "pixelRatio": 1,
    "sdf": false
  },
  "boylat_catlamB2": {
    "x": 454,
    "y": 180,
    "width": 28,
    "height": 88,
    "pixelRatio": 1,
    "sdf": false
  },
  "boylat_catlamB2_boyshp4": {
    "x": 320,
    "y": 241,
    "width": 30,
    "height": 88,
    "pixelRatio": 1,
    "sdf": false
  },
  "boylat_catlamB3": {
    "x": 192,
    "y": 343,
    "width": 30,
    "height": 86,
    "pixelRatio": 1,
    "sdf": false
  },
  "boylat_catlamB3_boyshp4": {
    "x": 224,
    "y": 343,
    "width": 30,
    "height": 86,
    "pixelRatio": 1,
    "sdf": false
  },
  "boylat_catlamB4": {
    "x": 454,
    "y": 270,
    "width": 28,
    "height": 88,
    "pixelRatio": 1,
    "sdf": false
  },
  "boylat_catlamB4_boyshp4": {
    "x": 422,
    "y": 0,
    "width": 30,
    "height": 88,
    "pixelRatio": 1,
    "sdf": false
  },
  "boysaw": {
    "x": 256,
    "y": 343,
    "width": 30,
    "height": 86,
    "pixelRatio": 1,
    "sdf": false
  },
  "boysaw_boyshp4": {
    "x": 288,
    "y": 343,
    "width": 30,
    "height": 86,
    "pixelRatio": 1,
    "sdf": false
  },
  "boyspp_boyshp1": {
    "x": 0,
    "y": 481,
    "width": 32,
    "height": 54,
    "pixelRatio": 1,
    "sdf": false
  },
  "boyspp_boyshp2": {
    "x": 34,
    "y": 481,
    "width": 32,
    "height": 54,
    "pixelRatio": 1,
    "sdf": false
  },
  "boyspp_boyshp3": {
    "x": 68,
    "y": 481,
    "width": 32,
    "height": 54,
    "pixelRatio": 1,
    "sdf": false
  },
  "boyspp_boyshp4": {
    "x": 422,
    "y": 90,
    "width": 30,
    "height": 88,
    "pixelRatio": 1,
    "sdf": false
  },
  "boyspp_boyshp5": {
    "x": 422,
    "y": 180,
    "width": 30,
    "height": 88,
    "pixelRatio": 1,
    "sdf": false
  },
  "cairn": {
    "x": 102,
    "y": 481,
    "width": 32,
    "height": 54,
    "pixelRatio": 1,
    "sdf": false
  },
  "cairnb": {
    "x": 136,
    "y": 481,
    "width": 32,
    "height": 54,
    "pixelRatio": 1,
    "sdf": false
  },
  "daymark_1&24": {
    "x": 602,
    "y": 0,
    "width": 20,
    "height": 66,
    "pixelRatio": 1,
    "sdf": false
  },
  "daymark_12": {
    "x": 538,
    "y": 164,
    "width": 20,
    "height": 76,
    "pixelRatio": 1,
    "sdf": false
  },
  "daymark_15&22": {
    "x": 484,
    "y": 366,
    "width": 24,
    "height": 48,
    "pixelRatio": 1,
    "sdf": false
  },
  "daymark_16&23": {
    "x": 390,
    "y": 282,
    "width": 24,
    "height": 48,
    "pixelRatio": 1,
    "sdf": false
  },
  "daymark_19": {
    "x": 602,
    "y": 318,
    "width": 20,
    "height": 56,
    "pixelRatio": 1,
    "sdf": false
  },
  "daymark_2&25": {
    "x": 602,
    "y": 132,
    "width": 20,
    "height": 60,
    "pixelRatio": 1,
    "sdf": false
  },
  "daymark_3&26": {
    "x": 602,
    "y": 194,
    "width": 20,
    "height": 60,
    "pixelRatio": 1,
    "sdf": false
  },
  "daymark_31": {
    "x": 558,
    "y": 242,
    "width": 20,
    "height": 74,
    "pixelRatio": 1,
    "sdf": false
  },
  "daymark_33": {
    "x": 602,
    "y": 256,
    "width": 20,
    "height": 60,
    "pixelRatio": 1,
    "sdf": false
  },
  "daymark_4": {
    "x": 580,
    "y": 0,
    "width": 20,
    "height": 72,
    "pixelRatio": 1,
    "sdf": false
  },
  "daymark_5&21": {
    "x": 602,
    "y": 68,
    "width": 20,
    "height": 62,
    "pixelRatio": 1,
    "sdf": false
  },
  "daymark_6&20": {
    "x": 602,
    "y": 484,
    "width": 20,
    "height": 50,
    "pixelRatio": 1,
    "sdf": false
  },
  "daymark_7": {
    "x": 602,
    "y": 376,
    "width": 20,
    "height": 52,
    "pixelRatio": 1,
    "sdf": false
  },
  "daymark_8": {
    "x": 506,
    "y": 481,
    "width": 20,
    "height": 40,
    "pixelRatio": 1,
    "sdf": false
  },
  "daymark_night": {
    "x": 580,
    "y": 474,
    "width": 20,
    "height": 50,
    "pixelRatio": 1,
    "sdf": false
  },
  "ferry": {
    "x": 240,
    "y": 164,
    "width": 70,
    "height": 23,
    "pixelRatio": 1,
    "sdf": false
  },
  "ferry_night": {
    "x": 237,
    "y": 196,
    "width": 70,
    "height": 23,
    "pixelRatio": 1,
    "sdf": false
  },
  "fogsig": {
    "x": 240,
    "y": 76,
    "width": 62,
    "height": 86,
    "pixelRatio": 1,
    "sdf": false
  },
  "light_amber": {
    "x": 178,
    "y": 0,
    "width": 60,
    "height": 92,
    "pixelRatio": 1,
    "sdf": false
  },
  "light_blue": {
    "x": 0,
    "y": 102,
    "width": 60,
    "height": 92,
    "pixelRatio": 1,
    "sdf": false
  },
  "light_catlit_8": {
    "x": 0,
    "y": 0,
    "width": 100,
    "height": 100,
    "pixelRatio": 1,
    "sdf": false
  },
  "light_green": {
    "x": 62,
    "y": 102,
    "width": 60,
    "height": 92,
    "pixelRatio": 1,
    "sdf": false
  },
  "light_major": {
    "x": 415,
    "y": 393,
    "width": 30,
    "height": 28,
    "pixelRatio": 1,
    "sdf": false
  },
  "light_major_night": {
    "x": 356,
    "y": 306,
    "width": 32,
    "height": 34,
    "pixelRatio": 1,
    "sdf": false
  },
  "light_minor": {
    "x": 427,
    "y": 431,
    "width": 22,
    "height": 24,
    "pixelRatio": 1,
    "sdf": false
  },
  "light_red": {
    "x": 124,
    "y": 102,
    "width": 60,
    "height": 92,
    "pixelRatio": 1,
    "sdf": false
  },
  "lndmrk_chimney": {
    "x": 316,
    "y": 0,
    "width": 38,
    "height": 100,
    "pixelRatio": 1,
    "sdf": false
  },
  "lndmrk_cross": {
    "x": 484,
    "y": 100,
    "width": 22,
    "height": 100,
    "pixelRatio": 1,
    "sdf": false
  },
  "lndmrk_dishaerial": {
    "x": 72,
    "y": 241,
    "width": 34,
    "height": 100,
    "pixelRatio": 1,
    "sdf": false
  },
  "lndmrk_dome": {
    "x": 186,
    "y": 102,
    "width": 46,
    "height": 64,
    "pixelRatio": 1,
    "sdf": false
  },
  "lndmrk_flagstaff": {
    "x": 390,
    "y": 0,
    "width": 30,
    "height": 100,
    "pixelRatio": 1,
    "sdf": false
  },
  "lndmrk_flarestack": {
    "x": 484,
    "y": 0,
    "width": 24,
    "height": 98,
    "pixelRatio": 1,
    "sdf": false
  },
  "lndmrk_mast": {
    "x": 510,
    "y": 80,
    "width": 22,
    "height": 78,
    "pixelRatio": 1,
    "sdf": false
  },
  "lndmrk_minaret": {
    "x": 374,
    "y": 431,
    "width": 25,
    "height": 25,
    "pixelRatio": 1,
    "sdf": false
  },
  "lndmrk_monument": {
    "x": 538,
    "y": 326,
    "width": 22,
    "height": 68,
    "pixelRatio": 1,
    "sdf": false
  },
  "lndmrk_pinnacle": {
    "x": 538,
    "y": 84,
    "width": 20,
    "height": 78,
    "pixelRatio": 1,
    "sdf": false
  },
  "lndmrk_radarscanner": {
    "x": 356,
    "y": 204,
    "width": 32,
    "height": 100,
    "pixelRatio": 1,
    "sdf": false
  },
  "lndmrk_rock": {
    "x": 52,
    "y": 431,
    "width": 42,
    "height": 46,
    "pixelRatio": 1,
    "sdf": false
  },
  "lndmrk_windmill": {
    "x": 373,
    "y": 393,
    "width": 40,
    "height": 30,
    "pixelRatio": 1,
    "sdf": false
  },
  "lndmrk_windmotor": {
    "x": 316,
    "y": 102,
    "width": 38,
    "height": 100,
    "pixelRatio": 1,
    "sdf": false
  },
  "lndmrk_windsock": {
    "x": 102,
    "y": 0,
    "width": 74,
    "height": 86,
    "pixelRatio": 1,
    "sdf": false
  },
  "marcul": {
    "x": 538,
    "y": 516,
    "width": 36,
    "height": 14,
    "pixelRatio": 1,
    "sdf": false
  },
  "marcul_night": {
    "x": 451,
    "y": 431,
    "width": 36,
    "height": 14,
    "pixelRatio": 1,
    "sdf": false
  },
  "marker_black": {
    "x": 566,
    "y": 431,
    "width": 10,
    "height": 10,
    "pixelRatio": 1,
    "sdf": false
  },
  "marker_black_night": {
    "x": 566,
    "y": 443,
    "width": 10,
    "height": 10,
    "pixelRatio": 1,
    "sdf": false
  },
  "morfac_bollard": {
    "x": 560,
    "y": 144,
    "width": 12,
    "height": 10,
    "pixelRatio": 1,
    "sdf": false
  },
  "morfac_bollard_night": {
    "x": 560,
    "y": 224,
    "width": 12,
    "height": 10,
    "pixelRatio": 1,
    "sdf": false
  },
  "morfac_dolphin": {
    "x": 54,
    "y": 537,
    "width": 20,
    "height": 37,
    "pixelRatio": 1,
    "sdf": false
  },
  "morfac_dolphin_night": {
    "x": 76,
    "y": 537,
    "width": 20,
    "height": 37,
    "pixelRatio": 1,
    "sdf": false
  },
  "morfac_sphere": {
    "x": 0,
    "y": 537,
    "width": 25,
    "height": 41,
    "pixelRatio": 1,
    "sdf": false
  },
  "morfac_sphere_night": {
    "x": 27,
    "y": 537,
    "width": 25,
    "height": 41,
    "pixelRatio": 1,
    "sdf": false
  },
  "ofsplf": {
    "x": 602,
    "y": 430,
    "width": 20,
    "height": 52,
    "pixelRatio": 1,
    "sdf": false
  },
  "overhead_warning": {
    "x": 172,
    "y": 196,
    "width": 63,
    "height": 32,
    "pixelRatio": 1,
    "sdf": false
  },
  "placeAlpha_flag": {
    "x": 164,
    "y": 537,
    "width": 20,
    "height": 21,
    "pixelRatio": 1,
    "sdf": false
  },
  "placeAnchoring": {
    "x": 186,
    "y": 537,
    "width": 20,
    "height": 21,
    "pixelRatio": 1,
    "sdf": false
  },
  "placeBeach": {
    "x": 208,
    "y": 537,
    "width": 20,
    "height": 21,
    "pixelRatio": 1,
    "sdf": false
  },
  "placeBig_fish": {
    "x": 230,
    "y": 537,
    "width": 20,
    "height": 21,
    "pixelRatio": 1,
    "sdf": false
  },
  "placeBusiness": {
    "x": 252,
    "y": 537,
    "width": 20,
    "height": 21,
    "pixelRatio": 1,
    "sdf": false
  },
  "placeCafe": {
    "x": 274,
    "y": 537,
    "width": 20,
    "height": 21,
    "pixelRatio": 1,
    "sdf": false
  },
  "placeCamping": {
    "x": 296,
    "y": 537,
    "width": 20,
    "height": 21,
    "pixelRatio": 1,
    "sdf": false
  },
  "placeCross": {
    "x": 318,
    "y": 537,
    "width": 20,
    "height": 21,
    "pixelRatio": 1,
    "sdf": false
  },
  "placeDanger": {
    "x": 340,
    "y": 537,
    "width": 20,
    "height": 21,
    "pixelRatio": 1,
    "sdf": false
  },
  "placeDiamond": {
    "x": 362,
    "y": 537,
    "width": 20,
    "height": 21,
    "pixelRatio": 1,
    "sdf": false
  },
  "placeDiving": {
    "x": 384,
    "y": 537,
    "width": 20,
    "height": 21,
    "pixelRatio": 1,
    "sdf": false
  },
  "placeDrop_off": {
    "x": 406,
    "y": 537,
    "width": 20,
    "height": 21,
    "pixelRatio": 1,
    "sdf": false
  },
  "placeEast_cardinal_marker": {
    "x": 428,
    "y": 537,
    "width": 20,
    "height": 21,
    "pixelRatio": 1,
    "sdf": false
  },
  "placeFishing": {
    "x": 450,
    "y": 537,
    "width": 20,
    "height": 21,
    "pixelRatio": 1,
    "sdf": false
  },
  "placeFishing2": {
    "x": 472,
    "y": 537,
    "width": 20,
    "height": 21,
    "pixelRatio": 1,
    "sdf": false
  },
  "placeFishing3": {
    "x": 494,
    "y": 537,
    "width": 20,
    "height": 21,
    "pixelRatio": 1,
    "sdf": false
  },
  "placeFlag": {
    "x": 516,
    "y": 537,
    "width": 20,
    "height": 21,
    "pixelRatio": 1,
    "sdf": false
  },
  "placeFuel": {
    "x": 538,
    "y": 537,
    "width": 20,
    "height": 21,
    "pixelRatio": 1,
    "sdf": false
  },
  "placeGuest_harbor": {
    "x": 560,
    "y": 537,
    "width": 20,
    "height": 21,
    "pixelRatio": 1,
    "sdf": false
  },
  "placeHole_off": {
    "x": 582,
    "y": 537,
    "width": 20,
    "height": 21,
    "pixelRatio": 1,
    "sdf": false
  },
  "placeHomeHarbor": {
    "x": 0,
    "y": 580,
    "width": 20,
    "height": 21,
    "pixelRatio": 1,
    "sdf": false
  },
  "placeHotel": {
    "x": 22,
    "y": 580,
    "width": 20,
    "height": 21,
    "pixelRatio": 1,
    "sdf": false
  },
  "placeLong_fish": {
    "x": 44,
    "y": 580,
    "width": 20,
    "height": 21,
    "pixelRatio": 1,
    "sdf": false
  },
  "placeLong_grass": {
    "x": 66,
    "y": 580,
    "width": 20,
    "height": 21,
    "pixelRatio": 1,
    "sdf": false
  },
  "placeMarina": {
    "x": 88,
    "y": 580,
    "width": 20,
    "height": 21,
    "pixelRatio": 1,
    "sdf": false
  },
  "placeMob": {
    "x": 110,
    "y": 580,
    "width": 20,
    "height": 21,
    "pixelRatio": 1,
    "sdf": false
  },
  "placeMooring": {
    "x": 132,
    "y": 580,
    "width": 20,
    "height": 21,
    "pixelRatio": 1,
    "sdf": false
  },
  "placeNorth_cardinal_marker": {
    "x": 154,
    "y": 580,
    "width": 20,
    "height": 21,
    "pixelRatio": 1,
    "sdf": false
  },
  "placeNote": {
    "x": 176,
    "y": 580,
    "width": 20,
    "height": 21,
    "pixelRatio": 1,
    "sdf": false
  },
  "placePort_marker": {
    "x": 198,
    "y": 580,
    "width": 20,
    "height": 21,
    "pixelRatio": 1,
    "sdf": false
  },
  "placePromotedAnchoring": {
    "x": 220,
    "y": 580,
    "width": 20,
    "height": 21,
    "pixelRatio": 1,
    "sdf": false
  },
  "placePromotedBeach": {
    "x": 242,
    "y": 580,
    "width": 20,
    "height": 21,
    "pixelRatio": 1,
    "sdf": false
  },
  "placePromotedBusiness": {
    "x": 264,
    "y": 580,
    "width": 20,
    "height": 21,
    "pixelRatio": 1,
    "sdf": false
  },
  "placePromotedCafe": {
    "x": 286,
    "y": 580,
    "width": 20,
    "height": 21,
    "pixelRatio": 1,
    "sdf": false
  },
  "placePromotedCamping": {
    "x": 308,
    "y": 580,
    "width": 20,
    "height": 21,
    "pixelRatio": 1,
    "sdf": false
  },
  "placePromotedDanger": {
    "x": 330,
    "y": 580,
    "width": 20,
    "height": 21,
    "pixelRatio": 1,
    "sdf": false
  },
  "placePromotedDiving": {
    "x": 352,
    "y": 580,
    "width": 20,
    "height": 21,
    "pixelRatio": 1,
    "sdf": false
  },
  "placePromotedFishing": {
    "x": 374,
    "y": 580,
    "width": 20,
    "height": 21,
    "pixelRatio": 1,
    "sdf": false
  },
  "placePromotedFuel": {
    "x": 396,
    "y": 580,
    "width": 20,
    "height": 21,
    "pixelRatio": 1,
    "sdf": false
  },
  "placePromotedGuest_harbor": {
    "x": 418,
    "y": 580,
    "width": 20,
    "height": 21,
    "pixelRatio": 1,
    "sdf": false
  },
  "placePromotedHotel": {
    "x": 440,
    "y": 580,
    "width": 20,
    "height": 21,
    "pixelRatio": 1,
    "sdf": false
  },
  "placePromotedMarina": {
    "x": 462,
    "y": 580,
    "width": 20,
    "height": 21,
    "pixelRatio": 1,
    "sdf": false
  },
  "placePromotedMooring": {
    "x": 484,
    "y": 580,
    "width": 20,
    "height": 21,
    "pixelRatio": 1,
    "sdf": false
  },
  "placePromotedNote": {
    "x": 506,
    "y": 580,
    "width": 20,
    "height": 21,
    "pixelRatio": 1,
    "sdf": false
  },
  "placePromotedRamp": {
    "x": 528,
    "y": 580,
    "width": 20,
    "height": 21,
    "pixelRatio": 1,
    "sdf": false
  },
  "placePromotedRestaurant": {
    "x": 550,
    "y": 580,
    "width": 20,
    "height": 21,
    "pixelRatio": 1,
    "sdf": false
  },
  "placePromotedSight": {
    "x": 572,
    "y": 580,
    "width": 20,
    "height": 21,
    "pixelRatio": 1,
    "sdf": false
  },
  "placePromotedYacht_club": {
    "x": 594,
    "y": 580,
    "width": 20,
    "height": 21,
    "pixelRatio": 1,
    "sdf": false
  },
  "placePublicAnchoring": {
    "x": 624,
    "y": 0,
    "width": 20,
    "height": 21,
    "pixelRatio": 1,
    "sdf": false
  },
  "placePublicBeach": {
    "x": 624,
    "y": 23,
    "width": 20,
    "height": 21,
    "pixelRatio": 1,
    "sdf": false
  },
  "placePublicBusiness": {
    "x": 624,
    "y": 46,
    "width": 20,
    "height": 21,
    "pixelRatio": 1,
    "sdf": false
  },
  "placePublicCafe": {
    "x": 624,
    "y": 69,
    "width": 20,
    "height": 21,
    "pixelRatio": 1,
    "sdf": false
  },
  "placePublicCamping": {
    "x": 624,
    "y": 92,
    "width": 20,
    "height": 21,
    "pixelRatio": 1,
    "sdf": false
  },
  "placePublicDanger": {
    "x": 624,
    "y": 115,
    "width": 20,
    "height": 21,
    "pixelRatio": 1,
    "sdf": false
  },
  "placePublicDiving": {
    "x": 624,
    "y": 138,
    "width": 20,
    "height": 21,
    "pixelRatio": 1,
    "sdf": false
  },
  "placePublicFishing": {
    "x": 624,
    "y": 161,
    "width": 20,
    "height": 21,
    "pixelRatio": 1,
    "sdf": false
  },
  "placePublicFuel": {
    "x": 624,
    "y": 184,
    "width": 20,
    "height": 21,
    "pixelRatio": 1,
    "sdf": false
  },
  "placePublicGuest_harbor": {
    "x": 624,
    "y": 207,
    "width": 20,
    "height": 21,
    "pixelRatio": 1,
    "sdf": false
  },
  "placePublicHotel": {
    "x": 624,
    "y": 230,
    "width": 20,
    "height": 21,
    "pixelRatio": 1,
    "sdf": false
  },
  "placePublicMarina": {
    "x": 624,
    "y": 253,
    "width": 20,
    "height": 21,
    "pixelRatio": 1,
    "sdf": false
  },
  "placePublicMooring": {
    "x": 624,
    "y": 276,
    "width": 20,
    "height": 21,
    "pixelRatio": 1,
    "sdf": false
  },
  "placePublicNote": {
    "x": 624,
    "y": 299,
    "width": 20,
    "height": 21,
    "pixelRatio": 1,
    "sdf": false
  },
  "placePublicRamp": {
    "x": 624,
    "y": 322,
    "width": 20,
    "height": 21,
    "pixelRatio": 1,
    "sdf": false
  },
  "placePublicRestaurant": {
    "x": 624,
    "y": 345,
    "width": 20,
    "height": 21,
    "pixelRatio": 1,
    "sdf": false
  },
  "placePublicSight": {
    "x": 624,
    "y": 368,
    "width": 20,
    "height": 21,
    "pixelRatio": 1,
    "sdf": false
  },
  "placePublicYacht_club": {
    "x": 624,
    "y": 391,
    "width": 20,
    "height": 21,
    "pixelRatio": 1,
    "sdf": false
  },
  "placeRamp": {
    "x": 624,
    "y": 414,
    "width": 20,
    "height": 21,
    "pixelRatio": 1,
    "sdf": false
  },
  "placeRest_rooms": {
    "x": 624,
    "y": 437,
    "width": 20,
    "height": 21,
    "pixelRatio": 1,
    "sdf": false
  },
  "placeRestaurant": {
    "x": 624,
    "y": 460,
    "width": 20,
    "height": 21,
    "pixelRatio": 1,
    "sdf": false
  },
  "placeRock": {
    "x": 624,
    "y": 483,
    "width": 20,
    "height": 21,
    "pixelRatio": 1,
    "sdf": false
  },
  "placeRock_awash": {
    "x": 624,
    "y": 506,
    "width": 20,
    "height": 21,
    "pixelRatio": 1,
    "sdf": false
  },
  "placeRock_submerged": {
    "x": 624,
    "y": 529,
    "width": 20,
    "height": 21,
    "pixelRatio": 1,
    "sdf": false
  },
  "placeSchool_fish": {
    "x": 624,
    "y": 552,
    "width": 20,
    "height": 21,
    "pixelRatio": 1,
    "sdf": false
  },
  "placeSearchAnchoring": {
    "x": 624,
    "y": 575,
    "width": 20,
    "height": 21,
    "pixelRatio": 1,
    "sdf": false
  },
  "placeSearchBeach": {
    "x": 0,
    "y": 603,
    "width": 20,
    "height": 21,
    "pixelRatio": 1,
    "sdf": false
  },
  "placeSearchBusiness": {
    "x": 22,
    "y": 603,
    "width": 20,
    "height": 21,
    "pixelRatio": 1,
    "sdf": false
  },
  "placeSearchCafe": {
    "x": 44,
    "y": 603,
    "width": 20,
    "height": 21,
    "pixelRatio": 1,
    "sdf": false
  },
  "placeSearchCamping": {
    "x": 66,
    "y": 603,
    "width": 20,
    "height": 21,
    "pixelRatio": 1,
    "sdf": false
  },
  "placeSearchDanger": {
    "x": 88,
    "y": 603,
    "width": 20,
    "height": 21,
    "pixelRatio": 1,
    "sdf": false
  },
  "placeSearchDiving": {
    "x": 110,
    "y": 603,
    "width": 20,
    "height": 21,
    "pixelRatio": 1,
    "sdf": false
  },
  "placeSearchFishing": {
    "x": 132,
    "y": 603,
    "width": 20,
    "height": 21,
    "pixelRatio": 1,
    "sdf": false
  },
  "placeSearchFuel": {
    "x": 154,
    "y": 603,
    "width": 20,
    "height": 21,
    "pixelRatio": 1,
    "sdf": false
  },
  "placeSearchGuest_harbor": {
    "x": 176,
    "y": 603,
    "width": 20,
    "height": 21,
    "pixelRatio": 1,
    "sdf": false
  },
  "placeSearchHotel": {
    "x": 198,
    "y": 603,
    "width": 20,
    "height": 21,
    "pixelRatio": 1,
    "sdf": false
  },
  "placeSearchMarina": {
    "x": 220,
    "y": 603,
    "width": 20,
    "height": 21,
    "pixelRatio": 1,
    "sdf": false
  },
  "placeSearchMooring": {
    "x": 242,
    "y": 603,
    "width": 20,
    "height": 21,
    "pixelRatio": 1,
    "sdf": false
  },
  "placeSearchNote": {
    "x": 264,
    "y": 603,
    "width": 20,
    "height": 21,
    "pixelRatio": 1,
    "sdf": false
  },
  "placeSearchRamp": {
    "x": 286,
    "y": 603,
    "width": 20,
    "height": 21,
    "pixelRatio": 1,
    "sdf": false
  },
  "placeSearchRestaurant": {
    "x": 308,
    "y": 603,
    "width": 20,
    "height": 21,
    "pixelRatio": 1,
    "sdf": false
  },
  "placeSearchSight": {
    "x": 330,
    "y": 603,
    "width": 20,
    "height": 21,
    "pixelRatio": 1,
    "sdf": false
  },
  "placeSearchYacht_club": {
    "x": 352,
    "y": 603,
    "width": 20,
    "height": 21,
    "pixelRatio": 1,
    "sdf": false
  },
  "placeShort_grass": {
    "x": 374,
    "y": 603,
    "width": 20,
    "height": 21,
    "pixelRatio": 1,
    "sdf": false
  },
  "placeSight": {
    "x": 396,
    "y": 603,
    "width": 20,
    "height": 21,
    "pixelRatio": 1,
    "sdf": false
  },
  "placeSkull": {
    "x": 418,
    "y": 603,
    "width": 20,
    "height": 21,
    "pixelRatio": 1,
    "sdf": false
  },
  "placeSmall_fish": {
    "x": 440,
    "y": 603,
    "width": 20,
    "height": 21,
    "pixelRatio": 1,
    "sdf": false
  },
  "placeSouth_cardinal_marker": {
    "x": 462,
    "y": 603,
    "width": 20,
    "height": 21,
    "pixelRatio": 1,
    "sdf": false
  },
  "placeStarboard_marker": {
    "x": 484,
    "y": 603,
    "width": 20,
    "height": 21,
    "pixelRatio": 1,
    "sdf": false
  },
  "placeWest_cardinal_marker": {
    "x": 506,
    "y": 603,
    "width": 20,
    "height": 21,
    "pixelRatio": 1,
    "sdf": false
  },
  "placeWreck": {
    "x": 528,
    "y": 603,
    "width": 20,
    "height": 21,
    "pixelRatio": 1,
    "sdf": false
  },
  "placeYacht_club": {
    "x": 550,
    "y": 603,
    "width": 20,
    "height": 21,
    "pixelRatio": 1,
    "sdf": false
  },
  "selected": {
    "x": 424,
    "y": 343,
    "width": 26,
    "height": 44,
    "pixelRatio": 1,
    "sdf": false
  },
  "shallow_warning": {
    "x": 401,
    "y": 431,
    "width": 24,
    "height": 24,
    "pixelRatio": 1,
    "sdf": false
  },
  "shield": {
    "x": 0,
    "y": 196,
    "width": 109,
    "height": 43,
    "pixelRatio": 1,
    "sdf": false
  },
  "spar_single": {
    "x": 510,
    "y": 160,
    "width": 24,
    "height": 70,
    "pixelRatio": 1,
    "sdf": false
  },
  "splare": {
    "x": 170,
    "y": 481,
    "width": 40,
    "height": 40,
    "pixelRatio": 1,
    "sdf": false
  },
  "stake": {
    "x": 560,
    "y": 84,
    "width": 14,
    "height": 58,
    "pixelRatio": 1,
    "sdf": false
  },
  "stake_night": {
    "x": 560,
    "y": 164,
    "width": 14,
    "height": 58,
    "pixelRatio": 1,
    "sdf": false
  },
  "tower": {
    "x": 538,
    "y": 396,
    "width": 26,
    "height": 58,
    "pixelRatio": 1,
    "sdf": false
  },
  "tower_night": {
    "x": 538,
    "y": 456,
    "width": 26,
    "height": 58,
    "pixelRatio": 1,
    "sdf": false
  },
  "tsslpt_arrow": {
    "x": 562,
    "y": 326,
    "width": 14,
    "height": 43,
    "pixelRatio": 1,
    "sdf": false
  },
  "unpurchasedpattern": {
    "x": 580,
    "y": 526,
    "width": 8,
    "height": 8,
    "pixelRatio": 1,
    "sdf": false
  },
  "unsurveyedpattern": {
    "x": 590,
    "y": 526,
    "width": 8,
    "height": 8,
    "pixelRatio": 1,
    "sdf": false
  },
  "unsurveyedpattern_contrast": {
    "x": 566,
    "y": 456,
    "width": 8,
    "height": 8,
    "pixelRatio": 1,
    "sdf": false
  },
  "unsurveyedpattern_night": {
    "x": 566,
    "y": 466,
    "width": 8,
    "height": 8,
    "pixelRatio": 1,
    "sdf": false
  },
  "user_location_marker": {
    "x": 291,
    "y": 431,
    "width": 26,
    "height": 27,
    "pixelRatio": 1,
    "sdf": false
  },
  "user_location_marker_cruise": {
    "x": 240,
    "y": 0,
    "width": 74,
    "height": 74,
    "pixelRatio": 1,
    "sdf": false
  },
  "user_location_marker_heading": {
    "x": 263,
    "y": 431,
    "width": 26,
    "height": 28,
    "pixelRatio": 1,
    "sdf": false
  },
  "user_location_marker_old": {
    "x": 319,
    "y": 431,
    "width": 26,
    "height": 27,
    "pixelRatio": 1,
    "sdf": false
  },
  "uwtroc": {
    "x": 212,
    "y": 481,
    "width": 40,
    "height": 40,
    "pixelRatio": 1,
    "sdf": false
  },
  "uwtroc_3": {
    "x": 254,
    "y": 481,
    "width": 40,
    "height": 40,
    "pixelRatio": 1,
    "sdf": false
  },
  "uwtroc_3_contrast": {
    "x": 296,
    "y": 481,
    "width": 40,
    "height": 40,
    "pixelRatio": 1,
    "sdf": false
  },
  "uwtroc_3_night": {
    "x": 338,
    "y": 481,
    "width": 40,
    "height": 40,
    "pixelRatio": 1,
    "sdf": false
  },
  "uwtroc_5": {
    "x": 380,
    "y": 481,
    "width": 40,
    "height": 40,
    "pixelRatio": 1,
    "sdf": false
  },
  "uwtroc_5_contrast": {
    "x": 422,
    "y": 481,
    "width": 40,
    "height": 40,
    "pixelRatio": 1,
    "sdf": false
  },
  "uwtroc_5_night": {
    "x": 464,
    "y": 481,
    "width": 40,
    "height": 40,
    "pixelRatio": 1,
    "sdf": false
  },
  "uwtroc_contrast": {
    "x": 538,
    "y": 0,
    "width": 40,
    "height": 40,
    "pixelRatio": 1,
    "sdf": false
  },
  "uwtroc_night": {
    "x": 538,
    "y": 42,
    "width": 40,
    "height": 40,
    "pixelRatio": 1,
    "sdf": false
  },
  "verclr": {
    "x": 98,
    "y": 537,
    "width": 20,
    "height": 26,
    "pixelRatio": 1,
    "sdf": false
  },
  "verclr_night": {
    "x": 120,
    "y": 537,
    "width": 20,
    "height": 26,
    "pixelRatio": 1,
    "sdf": false
  },
  "verclr_warning": {
    "x": 142,
    "y": 537,
    "width": 20,
    "height": 26,
    "pixelRatio": 1,
    "sdf": false
  },
  "waypoint_direction": {
    "x": 604,
    "y": 537,
    "width": 18,
    "height": 19,
    "pixelRatio": 1,
    "sdf": false
  },
  "wedklp": {
    "x": 186,
    "y": 168,
    "width": 46,
    "height": 20,
    "pixelRatio": 1,
    "sdf": false
  },
  "wrecks_dangerous": {
    "x": 96,
    "y": 431,
    "width": 45,
    "height": 37,
    "pixelRatio": 1,
    "sdf": false
  },
  "wrecks_dangerous_contrast": {
    "x": 143,
    "y": 431,
    "width": 45,
    "height": 37,
    "pixelRatio": 1,
    "sdf": false
  },
  "wrecks_dangerous_night": {
    "x": 190,
    "y": 431,
    "width": 45,
    "height": 37,
    "pixelRatio": 1,
    "sdf": false
  },
  "wrecks_mast": {
    "x": 320,
    "y": 343,
    "width": 50,
    "height": 48,
    "pixelRatio": 1,
    "sdf": false
  },
  "wrecks_mast_contrast": {
    "x": 372,
    "y": 343,
    "width": 50,
    "height": 48,
    "pixelRatio": 1,
    "sdf": false
  },
  "wrecks_mast_night": {
    "x": 0,
    "y": 431,
    "width": 50,
    "height": 48,
    "pixelRatio": 1,
    "sdf": false
  },
  "wrecks_nondangerous": {
    "x": 316,
    "y": 204,
    "width": 35,
    "height": 25,
    "pixelRatio": 1,
    "sdf": false
  }
}